"cg","metric","con","spearman","p.value"
"sct-umls","LCH","UMNSRS_similarity",0.228830952777586,3.68670565777362e-08
"sct-umls","INTRINSIC_LCH","UMNSRS_similarity",0.36495393683216,2.84027803286255e-19
"sct-umls","INTRINSIC_LIN","UMNSRS_similarity",0.222262641610479,9.13800558050566e-08
"sct-umls","PATH","UMNSRS_similarity",0.228830952777586,3.68670565777362e-08
"sct-umls","INTRINSIC_PATH","UMNSRS_similarity",0.226825510623898,4.87837805032805e-08
"sct-umls","RADA","UMNSRS_similarity",0.228830952777586,3.68670565777362e-08
"sct-umls","INTRINSIC_RADA","UMNSRS_similarity",0.226829036965752,4.87598717494355e-08
"sct-umls","JACCARD","UMNSRS_similarity",0.222263917203217,9.13641937369251e-08
"sct-umls","SOKAL","UMNSRS_similarity",0.222236099012698,9.17107184564172e-08
"sct-umls","WUPALMER","UMNSRS_similarity",0.208505036740886,5.59684080365814e-07
"sct-umls","LCH","UMNSRS_relatedness",0.166810699203099,4.87838363243197e-05
"sct-umls","INTRINSIC_LCH","UMNSRS_relatedness",0.299035853140697,1.36592197415081e-13
"sct-umls","INTRINSIC_LIN","UMNSRS_relatedness",0.157250227677192,0.000130466575293448
"sct-umls","PATH","UMNSRS_relatedness",0.166810699203099,4.87838363243197e-05
"sct-umls","INTRINSIC_PATH","UMNSRS_relatedness",0.163356894326190,7.0046576115824e-05
"sct-umls","RADA","UMNSRS_relatedness",0.166810699203099,4.87838363243197e-05
"sct-umls","INTRINSIC_RADA","UMNSRS_relatedness",0.163353099631977,7.007414371434e-05
"sct-umls","JACCARD","UMNSRS_relatedness",0.157246720131757,0.000130512348635312
"sct-umls","SOKAL","UMNSRS_relatedness",0.157263777899752,0.000130289887080416
"sct-umls","WUPALMER","UMNSRS_relatedness",0.139098347637156,0.000726589004807295
"sct-umls","LCH","MayoSRS",0.0348414654535019,0.729418621116358
"sct-umls","INTRINSIC_LCH","MayoSRS",0.297289453118182,0.00253523286928782
"sct-umls","INTRINSIC_LIN","MayoSRS",0.0935628350561178,0.352042790828291
"sct-umls","PATH","MayoSRS",0.0348414654535019,0.729418621116358
"sct-umls","INTRINSIC_PATH","MayoSRS",0.124072455183113,0.216393566106728
"sct-umls","RADA","MayoSRS",0.0348414654535019,0.729418621116358
"sct-umls","INTRINSIC_RADA","MayoSRS",0.124072455183113,0.216393566106728
"sct-umls","JACCARD","MayoSRS",0.0935628350561178,0.352042790828291
"sct-umls","SOKAL","MayoSRS",0.0935628350561178,0.352042790828291
"sct-umls","WUPALMER","MayoSRS",0.0476049976004017,0.636400546198952
"sct-umls","LCH","MiniMayoSRS_Physicians",0.370737911666762,0.047719150401276
"sct-umls","INTRINSIC_LCH","MiniMayoSRS_Physicians",0.338839220796711,0.072168021484666
"sct-umls","INTRINSIC_LIN","MiniMayoSRS_Physicians",0.405155611868445,0.0292331804567376
"sct-umls","PATH","MiniMayoSRS_Physicians",0.370737911666762,0.047719150401276
"sct-umls","INTRINSIC_PATH","MiniMayoSRS_Physicians",0.338839220796711,0.072168021484666
"sct-umls","RADA","MiniMayoSRS_Physicians",0.370737911666762,0.047719150401276
"sct-umls","INTRINSIC_RADA","MiniMayoSRS_Physicians",0.338839220796711,0.072168021484666
"sct-umls","JACCARD","MiniMayoSRS_Physicians",0.405155611868445,0.0292331804567376
"sct-umls","SOKAL","MiniMayoSRS_Physicians",0.405155611868445,0.0292331804567376
"sct-umls","WUPALMER","MiniMayoSRS_Physicians",0.439660562255792,0.017010702345156
"sct-umls","LCH","MiniMayoSRS_Coders",0.5399528501315,0.00250021378218839
"sct-umls","INTRINSIC_LCH","MiniMayoSRS_Coders",0.449089010485703,0.014533004749244
"sct-umls","INTRINSIC_LIN","MiniMayoSRS_Coders",0.488106525205692,0.00722597986599431
"sct-umls","PATH","MiniMayoSRS_Coders",0.5399528501315,0.00250021378218839
"sct-umls","INTRINSIC_PATH","MiniMayoSRS_Coders",0.449089010485703,0.014533004749244
"sct-umls","RADA","MiniMayoSRS_Coders",0.5399528501315,0.00250021378218839
"sct-umls","INTRINSIC_RADA","MiniMayoSRS_Coders",0.449089010485703,0.014533004749244
"sct-umls","JACCARD","MiniMayoSRS_Coders",0.488106525205692,0.00722597986599431
"sct-umls","SOKAL","MiniMayoSRS_Coders",0.488106525205692,0.00722597986599431
"sct-umls","WUPALMER","MiniMayoSRS_Coders",0.552937833002984,0.00186553965967924
"sct-umls","LCH","MiniMayoSRS_Combined",0.432532959714154,0.0191073411956774
"sct-umls","INTRINSIC_LCH","MiniMayoSRS_Combined",0.376113287914041,0.0443402591204295
"sct-umls","INTRINSIC_LIN","MiniMayoSRS_Combined",0.445607067601469,0.0154105398825405
"sct-umls","PATH","MiniMayoSRS_Combined",0.432532959714154,0.0191073411956774
"sct-umls","INTRINSIC_PATH","MiniMayoSRS_Combined",0.376113287914041,0.0443402591204295
"sct-umls","RADA","MiniMayoSRS_Combined",0.432532959714154,0.0191073411956774
"sct-umls","INTRINSIC_RADA","MiniMayoSRS_Combined",0.376113287914041,0.0443402591204295
"sct-umls","JACCARD","MiniMayoSRS_Combined",0.445607067601469,0.0154105398825405
"sct-umls","SOKAL","MiniMayoSRS_Combined",0.445607067601469,0.0154105398825405
"sct-umls","WUPALMER","MiniMayoSRS_Combined",0.486867372906509,0.00739726043118254
"msh-umls","LCH","UMNSRS_similarity",0.282249399835581,7.93986138799239e-12
"msh-umls","INTRINSIC_LCH","UMNSRS_similarity",0.27545331087427,2.58996993067745e-11
"msh-umls","INTRINSIC_LIN","UMNSRS_similarity",0.287231119184221,3.26895448590639e-12
"msh-umls","PATH","UMNSRS_similarity",0.282249399835581,7.93986138799239e-12
"msh-umls","INTRINSIC_PATH","UMNSRS_similarity",0.284188635553175,5.63244950167975e-12
"msh-umls","RADA","UMNSRS_similarity",0.282249399835581,7.93986138799239e-12
"msh-umls","INTRINSIC_RADA","UMNSRS_similarity",0.284188635553175,5.63244950167975e-12
"msh-umls","JACCARD","UMNSRS_similarity",0.287227956893226,3.27081480749965e-12
"msh-umls","SOKAL","UMNSRS_similarity",0.287227956893226,3.27081480749965e-12
"msh-umls","WUPALMER","UMNSRS_similarity",0.286817523858156,3.52126130648064e-12
"msh-umls","LCH","UMNSRS_relatedness",0.167340255586546,4.61220021045766e-05
"msh-umls","INTRINSIC_LCH","UMNSRS_relatedness",0.246763891027119,1.36266302765674e-09
"msh-umls","INTRINSIC_LIN","UMNSRS_relatedness",0.205032773844763,5.43490000435498e-07
"msh-umls","PATH","UMNSRS_relatedness",0.167340255586546,4.61220021045766e-05
"msh-umls","INTRINSIC_PATH","UMNSRS_relatedness",0.201527506768814,8.53089651189281e-07
"msh-umls","RADA","UMNSRS_relatedness",0.167340255586546,4.61220021045766e-05
"msh-umls","INTRINSIC_RADA","UMNSRS_relatedness",0.201527506768814,8.53089651189281e-07
"msh-umls","JACCARD","UMNSRS_relatedness",0.205032773844763,5.43490000435498e-07
"msh-umls","SOKAL","UMNSRS_relatedness",0.205032773844763,5.43490000435498e-07
"msh-umls","WUPALMER","UMNSRS_relatedness",0.176200405231312,1.75850606446405e-05
"msh-umls","LCH","MayoSRS",0.139023639395686,0.165587415148528
"msh-umls","INTRINSIC_LCH","MayoSRS",0.231734080057135,0.0197140704245777
"msh-umls","INTRINSIC_LIN","MayoSRS",0.133743609566676,0.182408743084253
"msh-umls","PATH","MayoSRS",0.139023639395686,0.165587415148528
"msh-umls","INTRINSIC_PATH","MayoSRS",0.133846657126621,0.182068940806553
"msh-umls","RADA","MayoSRS",0.139023639395686,0.165587415148528
"msh-umls","INTRINSIC_RADA","MayoSRS",0.133846657126621,0.182068940806553
"msh-umls","JACCARD","MayoSRS",0.133743609566676,0.182408743084253
"msh-umls","SOKAL","MayoSRS",0.133743609566676,0.182408743084253
"msh-umls","WUPALMER","MayoSRS",0.122201531170858,0.2234550717249
"msh-umls","LCH","MiniMayoSRS_Physicians",0.253989238205862,0.183671646545251
"msh-umls","INTRINSIC_LCH","MiniMayoSRS_Physicians",0.439923679532053,0.0169371047332162
"msh-umls","INTRINSIC_LIN","MiniMayoSRS_Physicians",0.265038911537921,0.164683258634083
"msh-umls","PATH","MiniMayoSRS_Physicians",0.253989238205862,0.183671646545251
"msh-umls","INTRINSIC_PATH","MiniMayoSRS_Physicians",0.261179121564068,0.171150534830140
"msh-umls","RADA","MiniMayoSRS_Physicians",0.253989238205862,0.183671646545251
"msh-umls","INTRINSIC_RADA","MiniMayoSRS_Physicians",0.261179121564068,0.171150534830140
"msh-umls","JACCARD","MiniMayoSRS_Physicians",0.265038911537921,0.164683258634083
"msh-umls","SOKAL","MiniMayoSRS_Physicians",0.265038911537921,0.164683258634083
"msh-umls","WUPALMER","MiniMayoSRS_Physicians",0.259133318855691,0.174650163005662
"msh-umls","LCH","MiniMayoSRS_Coders",0.295535536176581,0.119588702809994
"msh-umls","INTRINSIC_LCH","MiniMayoSRS_Coders",0.599105191104612,0.000594690725254625
"msh-umls","INTRINSIC_LIN","MiniMayoSRS_Coders",0.328396508414681,0.0819844538323688
"msh-umls","PATH","MiniMayoSRS_Coders",0.295535536176581,0.119588702809994
"msh-umls","INTRINSIC_PATH","MiniMayoSRS_Coders",0.320160026407517,0.0904224825354178
"msh-umls","RADA","MiniMayoSRS_Coders",0.295535536176581,0.119588702809994
"msh-umls","INTRINSIC_RADA","MiniMayoSRS_Coders",0.320160026407517,0.0904224825354178
"msh-umls","JACCARD","MiniMayoSRS_Coders",0.328396508414681,0.0819844538323688
"msh-umls","SOKAL","MiniMayoSRS_Coders",0.328396508414681,0.0819844538323688
"msh-umls","WUPALMER","MiniMayoSRS_Coders",0.30214210707247,0.111159840227081
"msh-umls","LCH","MiniMayoSRS_Combined",0.2547277856259,0.182356794218677
"msh-umls","INTRINSIC_LCH","MiniMayoSRS_Combined",0.508002618718613,0.00490197329964509
"msh-umls","INTRINSIC_LIN","MiniMayoSRS_Combined",0.270972240422824,0.155083172702257
"msh-umls","PATH","MiniMayoSRS_Combined",0.2547277856259,0.182356794218677
"msh-umls","INTRINSIC_PATH","MiniMayoSRS_Combined",0.268154948698201,0.159590275132261
"msh-umls","RADA","MiniMayoSRS_Combined",0.2547277856259,0.182356794218677
"msh-umls","INTRINSIC_RADA","MiniMayoSRS_Combined",0.268154948698201,0.159590275132261
"msh-umls","JACCARD","MiniMayoSRS_Combined",0.270972240422824,0.155083172702257
"msh-umls","SOKAL","MiniMayoSRS_Combined",0.270972240422824,0.155083172702257
"msh-umls","WUPALMER","MiniMayoSRS_Combined",0.260230405624325,0.172767234615153
"sct-msh-csp-aod","LCH","UMNSRS_similarity",0.324391506370911,2.46252923723597e-15
"sct-msh-csp-aod","INTRINSIC_LCH","UMNSRS_similarity",0.384573297269723,2.16590776001016e-21
"sct-msh-csp-aod","INTRINSIC_LIN","UMNSRS_similarity",0.333630624753490,3.50415895023261e-16
"sct-msh-csp-aod","PATH","UMNSRS_similarity",0.324391506370911,2.46252923723597e-15
"sct-msh-csp-aod","INTRINSIC_PATH","UMNSRS_similarity",0.336849405433756,1.74888785345579e-16
"sct-msh-csp-aod","RADA","UMNSRS_similarity",0.324391506370911,2.46252923723597e-15
"sct-msh-csp-aod","INTRINSIC_RADA","UMNSRS_similarity",0.336856442844326,1.74621687413376e-16
"sct-msh-csp-aod","JACCARD","UMNSRS_similarity",0.333630624753490,3.50415895023261e-16
"sct-msh-csp-aod","SOKAL","UMNSRS_similarity",0.333622031130949,3.51062848147458e-16
"sct-msh-csp-aod","WUPALMER","UMNSRS_similarity",0.329033268581624,9.32289824732618e-16
"sct-msh-csp-aod","LCH","UMNSRS_relatedness",0.221655446615250,5.74754664638732e-08
"sct-msh-csp-aod","INTRINSIC_LCH","UMNSRS_relatedness",0.330801616543601,1.8652287005323e-16
"sct-msh-csp-aod","INTRINSIC_LIN","UMNSRS_relatedness",0.247881379794896,1.14216979895519e-09
"sct-msh-csp-aod","PATH","UMNSRS_relatedness",0.221655446615250,5.74754664638732e-08
"sct-msh-csp-aod","INTRINSIC_PATH","UMNSRS_relatedness",0.257643781170382,2.35523257367305e-10
"sct-msh-csp-aod","RADA","UMNSRS_relatedness",0.221655446615250,5.74754664638732e-08
"sct-msh-csp-aod","INTRINSIC_RADA","UMNSRS_relatedness",0.257655627704754,2.35062932411398e-10
"sct-msh-csp-aod","JACCARD","UMNSRS_relatedness",0.247881379794896,1.14216979895519e-09
"sct-msh-csp-aod","SOKAL","UMNSRS_relatedness",0.24787543004345,1.14324630559902e-09
"sct-msh-csp-aod","WUPALMER","UMNSRS_relatedness",0.241429285774536,3.1274583706892e-09
"sct-msh-csp-aod","LCH","MayoSRS",0.346627724322577,0.000383830062957477
"sct-msh-csp-aod","INTRINSIC_LCH","MayoSRS",0.395378811792960,4.27511617879145e-05
"sct-msh-csp-aod","INTRINSIC_LIN","MayoSRS",0.364614085397014,0.00017780969459509
"sct-msh-csp-aod","PATH","MayoSRS",0.346627724322577,0.000383830062957477
"sct-msh-csp-aod","INTRINSIC_PATH","MayoSRS",0.376736639513781,0.000103126744376363
"sct-msh-csp-aod","RADA","MayoSRS",0.346627724322577,0.000383830062957477
"sct-msh-csp-aod","INTRINSIC_RADA","MayoSRS",0.376736639513781,0.000103126744376363
"sct-msh-csp-aod","JACCARD","MayoSRS",0.364614085397014,0.00017780969459509
"sct-msh-csp-aod","SOKAL","MayoSRS",0.364614085397014,0.00017780969459509
"sct-msh-csp-aod","WUPALMER","MayoSRS",0.379508224051286,9.07738618368624e-05
"sct-msh-csp-aod","LCH","MiniMayoSRS_Physicians",0.569780417784508,0.00125325734946175
"sct-msh-csp-aod","INTRINSIC_LCH","MiniMayoSRS_Physicians",0.602853532421918,0.000537828503894719
"sct-msh-csp-aod","INTRINSIC_LIN","MiniMayoSRS_Physicians",0.596670755258657,0.000634383965439552
"sct-msh-csp-aod","PATH","MiniMayoSRS_Physicians",0.569780417784508,0.00125325734946175
"sct-msh-csp-aod","INTRINSIC_PATH","MiniMayoSRS_Physicians",0.603178070542518,0.000533137605340642
"sct-msh-csp-aod","RADA","MiniMayoSRS_Physicians",0.569780417784508,0.00125325734946175
"sct-msh-csp-aod","INTRINSIC_RADA","MiniMayoSRS_Physicians",0.603178070542518,0.000533137605340642
"sct-msh-csp-aod","JACCARD","MiniMayoSRS_Physicians",0.596670755258657,0.000634383965439552
"sct-msh-csp-aod","SOKAL","MiniMayoSRS_Physicians",0.596670755258657,0.000634383965439552
"sct-msh-csp-aod","WUPALMER","MiniMayoSRS_Physicians",0.618075188493114,0.000352942351200178
"sct-msh-csp-aod","LCH","MiniMayoSRS_Coders",0.642818205129702,0.000169572188925176
"sct-msh-csp-aod","INTRINSIC_LCH","MiniMayoSRS_Coders",0.683194098805638,4.42023885546286e-05
"sct-msh-csp-aod","INTRINSIC_LIN","MiniMayoSRS_Coders",0.663508665230434,8.72914754477756e-05
"sct-msh-csp-aod","PATH","MiniMayoSRS_Coders",0.642818205129702,0.000169572188925176
"sct-msh-csp-aod","INTRINSIC_PATH","MiniMayoSRS_Coders",0.671003018216484,6.77686153609209e-05
"sct-msh-csp-aod","RADA","MiniMayoSRS_Coders",0.642818205129702,0.000169572188925176
"sct-msh-csp-aod","INTRINSIC_RADA","MiniMayoSRS_Coders",0.671003018216484,6.77686153609209e-05
"sct-msh-csp-aod","JACCARD","MiniMayoSRS_Coders",0.663508665230434,8.72914754477756e-05
"sct-msh-csp-aod","SOKAL","MiniMayoSRS_Coders",0.663508665230434,8.72914754477756e-05
"sct-msh-csp-aod","WUPALMER","MiniMayoSRS_Coders",0.657711661540931,0.000105671242642012
"sct-msh-csp-aod","LCH","MiniMayoSRS_Combined",0.626091354108382,0.000280235582830821
"sct-msh-csp-aod","INTRINSIC_LCH","MiniMayoSRS_Combined",0.644374222406373,0.000161585576929807
"sct-msh-csp-aod","INTRINSIC_LIN","MiniMayoSRS_Combined",0.636481998992227,0.000205824390380071
"sct-msh-csp-aod","PATH","MiniMayoSRS_Combined",0.626091354108382,0.000280235582830821
"sct-msh-csp-aod","INTRINSIC_PATH","MiniMayoSRS_Combined",0.642709807201544,0.000170141372813962
"sct-msh-csp-aod","RADA","MiniMayoSRS_Combined",0.626091354108382,0.000280235582830821
"sct-msh-csp-aod","INTRINSIC_RADA","MiniMayoSRS_Combined",0.642709807201544,0.000170141372813962
"sct-msh-csp-aod","JACCARD","MiniMayoSRS_Combined",0.636481998992227,0.000205824390380071
"sct-msh-csp-aod","SOKAL","MiniMayoSRS_Combined",0.636481998992227,0.000205824390380071
"sct-msh-csp-aod","WUPALMER","MiniMayoSRS_Combined",0.65369982891844,0.000120328908938968
"umls","LCH","UMNSRS_similarity",0.403953559522064,1.25426081112518e-23
"umls","INTRINSIC_LCH","UMNSRS_similarity",0.460012874863192,5.51099840189914e-31
"umls","INTRINSIC_LIN","UMNSRS_similarity",0.426803096378786,1.84010611477072e-26
"umls","PATH","UMNSRS_similarity",0.403953559522064,1.25426081112518e-23
"umls","INTRINSIC_PATH","UMNSRS_similarity",0.430249054855216,6.58187272657129e-27
"umls","RADA","UMNSRS_similarity",0.403953559522064,1.25426081112518e-23
"umls","INTRINSIC_RADA","UMNSRS_similarity",0.4302389633583,6.60183327445267e-27
"umls","JACCARD","UMNSRS_similarity",0.426803096378786,1.84010611477072e-26
"umls","SOKAL","UMNSRS_similarity",0.426803096378786,1.84010611477072e-26
"umls","WUPALMER","UMNSRS_similarity",0.388757884802791,7.32902917858413e-22
"umls","LCH","UMNSRS_relatedness",0.342016833594095,1.49879017934496e-17
"umls","INTRINSIC_LCH","UMNSRS_relatedness",0.386383204553133,2.44255200478484e-22
"umls","INTRINSIC_LIN","UMNSRS_relatedness",0.349782265349588,2.46072779690216e-18
"umls","PATH","UMNSRS_relatedness",0.342016833594095,1.49879017934496e-17
"umls","INTRINSIC_PATH","UMNSRS_relatedness",0.353512752974829,1.01452692940375e-18
"umls","RADA","UMNSRS_relatedness",0.342016833594095,1.49879017934496e-17
"umls","INTRINSIC_RADA","UMNSRS_relatedness",0.353514190936444,1.01417818218109e-18
"umls","JACCARD","UMNSRS_relatedness",0.349782265349588,2.46072779690216e-18
"umls","SOKAL","UMNSRS_relatedness",0.349782265349588,2.46072779690216e-18
"umls","WUPALMER","UMNSRS_relatedness",0.323551886550776,9.01451077263832e-16
"umls","LCH","MayoSRS",0.295286721213277,0.00271932008417564
"umls","INTRINSIC_LCH","MayoSRS",0.440377422192653,4.05731079087163e-06
"umls","INTRINSIC_LIN","MayoSRS",0.39291827281234,4.81667538945004e-05
"umls","PATH","MayoSRS",0.295286721213277,0.00271932008417564
"umls","INTRINSIC_PATH","MayoSRS",0.405694865085063,2.56609515060283e-05
"umls","RADA","MayoSRS",0.295286721213277,0.00271932008417564
"umls","INTRINSIC_RADA","MayoSRS",0.405694865085063,2.56609515060283e-05
"umls","JACCARD","MayoSRS",0.39291827281234,4.81667538945004e-05
"umls","SOKAL","MayoSRS",0.39291827281234,4.81667538945004e-05
"umls","WUPALMER","MayoSRS",0.377821776542504,9.8115149030698e-05
"umls","LCH","MiniMayoSRS_Physicians",0.583996524824988,0.00088085414121379
"umls","INTRINSIC_LCH","MiniMayoSRS_Physicians",0.674174934140575,6.07523748720681e-05
"umls","INTRINSIC_LIN","MiniMayoSRS_Physicians",0.68693771129023,3.86102147419549e-05
"umls","PATH","MiniMayoSRS_Physicians",0.583996524824988,0.00088085414121379
"umls","INTRINSIC_PATH","MiniMayoSRS_Physicians",0.674174934140575,6.07523748720681e-05
"umls","RADA","MiniMayoSRS_Physicians",0.583996524824988,0.00088085414121379
"umls","INTRINSIC_RADA","MiniMayoSRS_Physicians",0.674174934140575,6.07523748720681e-05
"umls","JACCARD","MiniMayoSRS_Physicians",0.68693771129023,3.86102147419549e-05
"umls","SOKAL","MiniMayoSRS_Physicians",0.68693771129023,3.86102147419549e-05
"umls","WUPALMER","MiniMayoSRS_Physicians",0.661650991895789,9.28446027382092e-05
"umls","LCH","MiniMayoSRS_Coders",0.645890981996786,0.000154123092300288
"umls","INTRINSIC_LCH","MiniMayoSRS_Coders",0.676992639512395,5.50706928119522e-05
"umls","INTRINSIC_LIN","MiniMayoSRS_Coders",0.67957658088458,5.02821164808029e-05
"umls","PATH","MiniMayoSRS_Coders",0.645890981996786,0.000154123092300288
"umls","INTRINSIC_PATH","MiniMayoSRS_Coders",0.676992639512395,5.50706928119522e-05
"umls","RADA","MiniMayoSRS_Coders",0.645890981996786,0.000154123092300288
"umls","INTRINSIC_RADA","MiniMayoSRS_Coders",0.676992639512395,5.50706928119522e-05
"umls","JACCARD","MiniMayoSRS_Coders",0.67957658088458,5.02821164808029e-05
"umls","SOKAL","MiniMayoSRS_Coders",0.67957658088458,5.02821164808029e-05
"umls","WUPALMER","MiniMayoSRS_Coders",0.742269048340178,4.03631226942787e-06
"umls","LCH","MiniMayoSRS_Combined",0.601490163729798,0.000557932782083125
"umls","INTRINSIC_LCH","MiniMayoSRS_Combined",0.677252999892898,5.45704218321827e-05
"umls","INTRINSIC_LIN","MiniMayoSRS_Combined",0.690454327217034,3.3942131005296e-05
"umls","PATH","MiniMayoSRS_Combined",0.601490163729798,0.000557932782083125
"umls","INTRINSIC_PATH","MiniMayoSRS_Combined",0.677252999892898,5.45704218321827e-05
"umls","RADA","MiniMayoSRS_Combined",0.601490163729798,0.000557932782083125
"umls","INTRINSIC_RADA","MiniMayoSRS_Combined",0.677252999892898,5.45704218321827e-05
"umls","JACCARD","MiniMayoSRS_Combined",0.690454327217034,3.3942131005296e-05
"umls","SOKAL","MiniMayoSRS_Combined",0.690454327217034,3.3942131005296e-05
"umls","WUPALMER","MiniMayoSRS_Combined",0.693956272148308,2.98016292752787e-05
"sct","LCH","MiniMayoSRS_Physicians",0.484741483998391,0.00769910493681612
"sct","INTRINSIC_LCH","MiniMayoSRS_Physicians",0.484985531686873,0.007663933739043
"sct","INTRINSIC_LIN","MiniMayoSRS_Physicians",0.519637641156846,0.00386477358095205
"sct","PATH","MiniMayoSRS_Physicians",0.484741483998391,0.00769910493681612
"sct","INTRINSIC_PATH","MiniMayoSRS_Physicians",0.476156474569115,0.00902609835734666
"sct","RADA","MiniMayoSRS_Physicians",0.484741483998391,0.00769910493681612
"sct","INTRINSIC_RADA","MiniMayoSRS_Physicians",0.476156474569115,0.00902609835734666
"sct","JACCARD","MiniMayoSRS_Physicians",0.519637641156846,0.00386477358095205
"sct","SOKAL","MiniMayoSRS_Physicians",0.519637641156846,0.00386477358095205
"sct","WUPALMER","MiniMayoSRS_Physicians",0.535925332170986,0.00273152944193898
"sct","LCH","MiniMayoSRS_Coders",0.649644370175834,0.000136953439111417
"sct","INTRINSIC_LCH","MiniMayoSRS_Coders",0.605675857640097,0.000498220006719993
"sct","INTRINSIC_LIN","MiniMayoSRS_Coders",0.609730864335724,0.000445800062009165
"sct","PATH","MiniMayoSRS_Coders",0.649644370175834,0.000136953439111417
"sct","INTRINSIC_PATH","MiniMayoSRS_Coders",0.591045772940885,0.000735093171339239
"sct","RADA","MiniMayoSRS_Coders",0.649644370175834,0.000136953439111417
"sct","INTRINSIC_RADA","MiniMayoSRS_Coders",0.591045772940885,0.000735093171339239
"sct","JACCARD","MiniMayoSRS_Coders",0.609730864335724,0.000445800062009165
"sct","SOKAL","MiniMayoSRS_Coders",0.609730864335724,0.000445800062009165
"sct","WUPALMER","MiniMayoSRS_Coders",0.65367166105212,0.000120437901652790
"sct","LCH","MiniMayoSRS_Combined",0.543960939837931,0.00228697830399709
"sct","INTRINSIC_LCH","MiniMayoSRS_Combined",0.526309521432032,0.00335953428078408
"sct","INTRINSIC_LIN","MiniMayoSRS_Combined",0.55886250497461,0.00162578972651937
"sct","PATH","MiniMayoSRS_Combined",0.543960939837931,0.00228697830399709
"sct","INTRINSIC_PATH","MiniMayoSRS_Combined",0.517585730882931,0.00403267637915355
"sct","RADA","MiniMayoSRS_Combined",0.543960939837931,0.00228697830399709
"sct","INTRINSIC_RADA","MiniMayoSRS_Combined",0.517585730882931,0.00403267637915355
"sct","JACCARD","MiniMayoSRS_Combined",0.55886250497461,0.00162578972651937
"sct","SOKAL","MiniMayoSRS_Combined",0.55886250497461,0.00162578972651937
"sct","WUPALMER","MiniMayoSRS_Combined",0.581767762107756,0.000931909854997656
"msh","LCH","MiniMayoSRS_Physicians",0.402896132830344,0.0302335282618659
"msh","INTRINSIC_LCH","MiniMayoSRS_Physicians",0.392190886531173,0.0353567162702439
"msh","INTRINSIC_LIN","MiniMayoSRS_Physicians",0.406581605113615,0.0286157850527381
"msh","PATH","MiniMayoSRS_Physicians",0.402896132830344,0.0302335282618659
"msh","INTRINSIC_PATH","MiniMayoSRS_Physicians",0.406581605113615,0.0286157850527381
"msh","RADA","MiniMayoSRS_Physicians",0.402896132830344,0.0302335282618659
"msh","INTRINSIC_RADA","MiniMayoSRS_Physicians",0.406581605113615,0.0286157850527381
"msh","JACCARD","MiniMayoSRS_Physicians",0.406581605113615,0.0286157850527381
"msh","SOKAL","MiniMayoSRS_Physicians",0.406581605113615,0.0286157850527381
"msh","WUPALMER","MiniMayoSRS_Physicians",0.396063750717455,0.0334282704977352
"msh","LCH","MiniMayoSRS_Coders",0.420597343878345,0.0230926935607397
"msh","INTRINSIC_LCH","MiniMayoSRS_Coders",0.536492303415143,0.00269789195036829
"msh","INTRINSIC_LIN","MiniMayoSRS_Coders",0.510990534404435,0.00461526803044682
"msh","PATH","MiniMayoSRS_Coders",0.420597343878345,0.0230926935607397
"msh","INTRINSIC_PATH","MiniMayoSRS_Coders",0.510990534404435,0.00461526803044682
"msh","RADA","MiniMayoSRS_Coders",0.420597343878345,0.0230926935607397
"msh","INTRINSIC_RADA","MiniMayoSRS_Coders",0.510990534404435,0.00461526803044682
"msh","JACCARD","MiniMayoSRS_Coders",0.510990534404435,0.00461526803044682
"msh","SOKAL","MiniMayoSRS_Coders",0.510990534404435,0.00461526803044682
"msh","WUPALMER","MiniMayoSRS_Coders",0.418523886321261,0.0238498597088431
"msh","LCH","MiniMayoSRS_Combined",0.424149700375296,0.0218412671698963
"msh","INTRINSIC_LCH","MiniMayoSRS_Combined",0.43320633904011,0.0189005737570353
"msh","INTRINSIC_LIN","MiniMayoSRS_Combined",0.455267835155571,0.0130780381646516
"msh","PATH","MiniMayoSRS_Combined",0.424149700375296,0.0218412671698963
"msh","INTRINSIC_PATH","MiniMayoSRS_Combined",0.455267835155571,0.0130780381646516
"msh","RADA","MiniMayoSRS_Combined",0.424149700375296,0.0218412671698963
"msh","INTRINSIC_RADA","MiniMayoSRS_Combined",0.455267835155571,0.0130780381646516
"msh","JACCARD","MiniMayoSRS_Combined",0.455267835155571,0.0130780381646516
"msh","SOKAL","MiniMayoSRS_Combined",0.455267835155571,0.0130780381646516
"msh","WUPALMER","MiniMayoSRS_Combined",0.417596143814916,0.0241951552907799
"msh-umls","LCH","MiniMayoSRS_Physicians",0.40710174717983,0.0283932377680072
"msh-umls","INTRINSIC_LCH","MiniMayoSRS_Physicians",0.410160622515369,0.0271127418131582
"msh-umls","INTRINSIC_LIN","MiniMayoSRS_Physicians",0.423382264284577,0.022106797393785
"msh-umls","PATH","MiniMayoSRS_Physicians",0.40710174717983,0.0283932377680072
"msh-umls","INTRINSIC_PATH","MiniMayoSRS_Physicians",0.419626655790036,0.0234446730348826
"msh-umls","RADA","MiniMayoSRS_Physicians",0.40710174717983,0.0283932377680072
"msh-umls","INTRINSIC_RADA","MiniMayoSRS_Physicians",0.419626655790036,0.0234446730348826
"msh-umls","JACCARD","MiniMayoSRS_Physicians",0.423382264284577,0.022106797393785
"msh-umls","SOKAL","MiniMayoSRS_Physicians",0.423382264284577,0.022106797393785
"msh-umls","WUPALMER","MiniMayoSRS_Physicians",0.396204335618417,0.0333598972628653
"msh-umls","LCH","MiniMayoSRS_Coders",0.375670335320956,0.0446112852952351
"msh-umls","INTRINSIC_LCH","MiniMayoSRS_Coders",0.528157616474556,0.00323004199676116
"msh-umls","INTRINSIC_LIN","MiniMayoSRS_Coders",0.45008596475845,0.0142895385385333
"msh-umls","PATH","MiniMayoSRS_Coders",0.375670335320956,0.0446112852952351
"msh-umls","INTRINSIC_PATH","MiniMayoSRS_Coders",0.442071797666254,0.016346043633961
"msh-umls","RADA","MiniMayoSRS_Coders",0.375670335320956,0.0446112852952351
"msh-umls","INTRINSIC_RADA","MiniMayoSRS_Coders",0.442071797666254,0.016346043633961
"msh-umls","JACCARD","MiniMayoSRS_Coders",0.45008596475845,0.0142895385385333
"msh-umls","SOKAL","MiniMayoSRS_Coders",0.45008596475845,0.0142895385385333
"msh-umls","WUPALMER","MiniMayoSRS_Coders",0.374573446660761,0.0452881038318172
"msh-umls","LCH","MiniMayoSRS_Combined",0.417882359593447,0.0240881959218309
"msh-umls","INTRINSIC_LCH","MiniMayoSRS_Combined",0.447350639134846,0.0149657772096809
"msh-umls","INTRINSIC_LIN","MiniMayoSRS_Combined",0.445826740805644,0.0153539074792806
"msh-umls","PATH","MiniMayoSRS_Combined",0.417882359593447,0.0240881959218309
"msh-umls","INTRINSIC_PATH","MiniMayoSRS_Combined",0.443085491980120,0.0160731143990352
"msh-umls","RADA","MiniMayoSRS_Combined",0.417882359593447,0.0240881959218309
"msh-umls","INTRINSIC_RADA","MiniMayoSRS_Combined",0.443085491980120,0.0160731143990352
"msh-umls","JACCARD","MiniMayoSRS_Combined",0.445826740805644,0.0153539074792806
"msh-umls","SOKAL","MiniMayoSRS_Combined",0.445826740805644,0.0153539074792806
"msh-umls","WUPALMER","MiniMayoSRS_Combined",0.407990953512964,0.0280160398803192
